5.067950300318672108e-01,1.917940297009812000e+15,1.689696702000000000e+09
3.147926774603262978e-01,2.759113821526147500e+14,1.689696703000000000e+09
2.851132255208128630e-01,1.049232529638080875e+15,1.689696704000000000e+09
9.507421329795260334e-01,1.606156778014349500e+15,1.689696705000000000e+09
4.318060158046435615e-01,5.570864662224854375e+14,1.689696706000000000e+09
4.738909137151866013e-01,2.836378299706526250e+14,1.689696707000000000e+09
5.836909480485341639e-01,1.310682538364414531e+14,1.689696708000000000e+09
3.346209727183058757e-01,4.615042415706444375e+14,1.689696709000000000e+09
3.643666477803683135e-01,9.755988543238935000e+14,1.689696710000000000e+09
3.524330722966281249e-01,2.218047021841892812e+14,1.689696711000000000e+09
8.582935984331421242e-01,1.474954409308687750e+15,1.689696712000000000e+09
1.016255495984854651e+00,9.510803899980817500e+14,1.689696713000000000e+09
2.844717598066404118e-02,2.663355797342701875e+14,1.689696714000000000e+09
2.752139364124562837e-01,9.140031188783701250e+14,1.689696715000000000e+09
1.071343602680085771e+00,1.803258649857488500e+15,1.689696716000000000e+09
7.287697937125365844e-01,3.842870989276243750e+14,1.689696717000000000e+09
1.405009895147553978e-01,1.430866027263483750e+15,1.689696718000000000e+09
6.924118981678543117e-01,7.172574864932398750e+14,1.689696719000000000e+09
5.806174111272995875e-01,1.935532117969233250e+15,1.689696720000000000e+09
1.065120230464053463e+00,5.035745630201226875e+14,1.689696721000000000e+09
9.687434203911818864e-01,9.077732680363457500e+14,1.689696722000000000e+09
2.035188966669194410e-01,1.462236381951656000e+15,1.689696723000000000e+09
4.515244898418480091e-02,1.722616699311895625e+14,1.689696724000000000e+09
3.585479750410663913e-01,5.919821953432247500e+14,1.689696725000000000e+09
9.162677000400004657e-01,8.329434733886795000e+14,1.689696726000000000e+09
3.741398371773100306e-01,1.252479271464001750e+15,1.689696727000000000e+09
2.291040119648075635e-01,2.575080100954457812e+14,1.689696728000000000e+09
3.560589044669678072e-01,6.514310086148517500e+14,1.689696729000000000e+09
7.379505122338247958e-01,8.849239506927072500e+14,1.689696730000000000e+09
5.387160467085436721e-01,1.685430736398705500e+15,1.689696731000000000e+09
2.033555957509967649e-01,1.841630524206149000e+15,1.689696732000000000e+09
1.034303413907654984e-01,1.240992801490211000e+15,1.689696733000000000e+09
8.474470321440464859e-01,1.715662953294352000e+15,1.689696734000000000e+09
2.213672400932226864e-02,1.177611875192663750e+15,1.689696735000000000e+09
1.088602680605025519e+00,7.775828276080637500e+14,1.689696736000000000e+09
8.729749757921447806e-01,9.966182190088586250e+14,1.689696737000000000e+09
4.409914682918503748e-01,1.086931000674133625e+15,1.689696738000000000e+09
3.572524226640030887e-01,8.991706019335260000e+14,1.689696739000000000e+09
1.709219478716485774e-01,5.542457550247310000e+14,1.689696740000000000e+09
2.668757364111706831e-01,1.161440513296716750e+15,1.689696741000000000e+09
2.944957921976029125e-01,1.544316638975495500e+15,1.689696742000000000e+09
1.082118884426174876e+00,1.250435488183306250e+14,1.689696743000000000e+09
1.043170192313321448e-01,5.164441251053679375e+14,1.689696744000000000e+09
4.842544056291122612e-01,1.537490046172440500e+15,1.689696745000000000e+09
8.368553069143419565e-01,1.942966328276946250e+15,1.689696746000000000e+09
1.255160490821373258e-02,1.707099867813053250e+15,1.689696747000000000e+09
8.907872275233117421e-01,1.071632317968763250e+15,1.689696748000000000e+09
5.225639614464758775e-01,4.787178290035312500e+14,1.689696749000000000e+09
9.987059506805924247e-01,1.358571983446633750e+15,1.689696750000000000e+09
2.781641021890494114e-01,1.140338289915657750e+15,1.689696751000000000e+09
2.444715994681693760e-01,7.899726022951236250e+14,1.689696752000000000e+09
6.828237911246882730e-01,9.714329544124405000e+14,1.689696753000000000e+09
6.554841948176932942e-02,1.839901131077517000e+15,1.689696754000000000e+09
7.908988129872434047e-01,1.156682535508057750e+15,1.689696755000000000e+09
4.059391976855917239e-01,8.178599454841581250e+14,1.689696756000000000e+09
6.260726758471959474e-01,1.834806893021571250e+14,1.689696757000000000e+09
6.067137178503676509e-01,1.927115764044323750e+15,1.689696758000000000e+09
5.991353758933272156e-01,1.801925070459353250e+15,1.689696759000000000e+09
1.019195061613017567e-01,5.813094356400625000e+14,1.689696760000000000e+09
9.582433004973818225e-01,8.316849294396992500e+14,1.689696761000000000e+09
5.994436585469865575e-01,1.707168797361949500e+15,1.689696762000000000e+09
1.079137577846622564e+00,9.189031066633697500e+14,1.689696763000000000e+09
2.120829950754741511e-01,9.542163475657652500e+14,1.689696764000000000e+09
4.461916938822344525e-01,1.596955619103351500e+15,1.689696765000000000e+09
2.901752947681519590e-01,3.706258032025030000e+14,1.689696766000000000e+09
7.498916857428092886e-01,9.282172838658008750e+14,1.689696767000000000e+09
4.437980691297521707e-01,1.131290024051689062e+14,1.689696768000000000e+09
8.774305844634667784e-01,1.619485270521634375e+14,1.689696769000000000e+09
6.962589716547528118e-01,1.938367933931095000e+15,1.689696770000000000e+09
1.084056975061555628e+00,1.686436350903643500e+15,1.689696771000000000e+09
7.703395205516853084e-01,1.659202636714124500e+15,1.689696772000000000e+09
2.437710966024776715e-01,1.385168773861907500e+15,1.689696773000000000e+09
8.211762944236847828e-01,1.032519446590382250e+15,1.689696774000000000e+09
1.698583960111291549e-02,1.880275348618021250e+14,1.689696775000000000e+09
7.094111769978202198e-02,6.726762471428995000e+14,1.689696776000000000e+09
6.455898415244172295e-01,6.458263856226492500e+14,1.689696777000000000e+09
1.010480648146532934e+00,1.883794706039971000e+15,1.689696778000000000e+09
7.462135615589589044e-01,1.014515920620018250e+15,1.689696779000000000e+09
8.684927377814903593e-02,1.185142018322406750e+15,1.689696780000000000e+09
4.106882717337741462e-01,8.527910787572970000e+14,1.689696781000000000e+09
6.881229546873142144e-01,3.006371754521920000e+14,1.689696782000000000e+09
4.622316892632443580e-02,8.222467785387873750e+14,1.689696783000000000e+09
7.660944943837676435e-01,1.005630938634027250e+15,1.689696784000000000e+09
3.598674274443776633e-01,9.331122426047786250e+14,1.689696785000000000e+09
8.631377157765920405e-01,1.863533536193754000e+15,1.689696786000000000e+09
7.757083356268001939e-01,1.570470717558681500e+15,1.689696787000000000e+09
1.797180615298956119e-01,1.718836401456667750e+15,1.689696788000000000e+09
6.286742223156028819e-01,5.678691932023367500e+14,1.689696789000000000e+09
2.128204019717068463e-01,1.752859299163661000e+15,1.689696790000000000e+09
7.056796632821574766e-01,2.106433475622055000e+14,1.689696791000000000e+09
2.686099295037599477e-01,1.034512987172648875e+15,1.689696792000000000e+09
2.378339833162119443e-01,9.446904571729280000e+14,1.689696793000000000e+09
4.568047059347253303e-01,1.552118455887715500e+15,1.689696794000000000e+09
9.847489633361206085e-01,1.577187421739175000e+15,1.689696795000000000e+09
8.897765136471044167e-01,9.969442147459690000e+14,1.689696796000000000e+09
5.151415746742536994e-01,5.548595662580313750e+14,1.689696797000000000e+09
3.924516056164377709e-01,1.671681880682295750e+15,1.689696798000000000e+09
5.191108069888645815e-01,1.039498384756338625e+15,1.689696799000000000e+09
1.156230910190724978e-02,1.051509204344723875e+15,1.689696800000000000e+09
6.362623877358857261e-01,8.613499054752207500e+14,1.689696801000000000e+09
3.042524646992333381e-01,9.504780895687640000e+14,1.689696802000000000e+09
7.536930411965203636e-02,1.755161540605581500e+15,1.689696803000000000e+09
6.327146990584111563e-01,1.075235397789284000e+15,1.689696804000000000e+09
9.499239753385393392e-01,1.029896586943544500e+15,1.689696805000000000e+09
9.345083512619605237e-01,6.184924626413562500e+14,1.689696806000000000e+09
4.137659400543705068e-01,8.239076319877177500e+14,1.689696807000000000e+09
8.733342804791406622e-02,1.126287601694123500e+15,1.689696808000000000e+09
5.301970507458390047e-01,1.494938806070809250e+15,1.689696809000000000e+09
6.867892357180818141e-01,9.853789235755028750e+14,1.689696810000000000e+09
1.064331048055497053e+00,2.046639502600335000e+14,1.689696811000000000e+09
7.262869002095845294e-01,1.411583068355332750e+15,1.689696812000000000e+09
4.328756896315230640e-01,1.046254956719985875e+15,1.689696813000000000e+09
1.016088716938639447e+00,6.574070354011961250e+14,1.689696814000000000e+09
1.206140938354471753e-01,1.818169169430976000e+15,1.689696815000000000e+09
2.935718825363660134e-01,8.406466593430980000e+14,1.689696816000000000e+09
2.401523132728540233e-01,1.597120021647585500e+15,1.689696817000000000e+09
3.942453182522584476e-01,5.578821852538333125e+14,1.689696818000000000e+09
6.219215357867223792e-01,9.970434464667447500e+14,1.689696819000000000e+09
3.693187638916655691e-01,1.152286007563184500e+15,1.689696820000000000e+09
2.300745978450324247e-01,3.164791216101929375e+14,1.689696821000000000e+09
9.074746040879877462e-01,3.878066209501553125e+14,1.689696822000000000e+09
6.176668545410827355e-02,8.254981518557797500e+14,1.689696823000000000e+09
3.431924913823457546e-01,1.035210419080791250e+15,1.689696824000000000e+09
2.269606712253985359e-02,4.646144230975888750e+14,1.689696825000000000e+09
1.056163809721842428e+00,1.833073271314141500e+15,1.689696826000000000e+09
2.164692554340274244e-01,7.397354106437408750e+14,1.689696827000000000e+09
3.404452622887075841e-01,1.040863316412565000e+15,1.689696828000000000e+09
4.205947288669707740e-02,1.210513663380994750e+15,1.689696829000000000e+09
7.641733826828759346e-01,4.481415303378947500e+14,1.689696830000000000e+09
1.026460493191322376e+00,1.827260398786105750e+15,1.689696831000000000e+09
4.348725967896288069e-01,1.016595212057587750e+15,1.689696832000000000e+09
5.403284505863766851e-01,1.808551055149198750e+14,1.689696833000000000e+09
4.160962582519475705e-01,3.091023805905141875e+14,1.689696834000000000e+09
1.575676643996346687e-02,1.642945829676436500e+15,1.689696835000000000e+09
3.430288017916692245e-01,7.277351210722931250e+14,1.689696836000000000e+09
1.594738460229307986e-01,1.961570534012045625e+14,1.689696837000000000e+09
5.767302369197597756e-01,1.730015280412318500e+15,1.689696838000000000e+09
5.484261098973677306e-01,1.695858921860995750e+15,1.689696839000000000e+09
7.998541608119605906e-01,8.363794882844601250e+14,1.689696840000000000e+09
1.134073244635446648e-01,1.495438728580629750e+15,1.689696841000000000e+09
3.577623815347132918e-01,7.501054749915861250e+14,1.689696842000000000e+09
1.057840970110205614e+00,1.866081668534045500e+15,1.689696843000000000e+09
4.023199932038747373e-01,3.006556696411580000e+14,1.689696844000000000e+09
1.577574486811188781e-01,1.939707196525915250e+15,1.689696845000000000e+09
1.011112353206207848e+00,1.930074416560317000e+15,1.689696846000000000e+09
7.098980460597875686e-01,1.576282091519074062e+14,1.689696847000000000e+09
5.426604536898231856e-01,1.312999600832321750e+15,1.689696848000000000e+09
2.214501252288408883e-01,1.279264292706990750e+15,1.689696849000000000e+09
1.074799047752287962e+00,1.660319254224756250e+15,1.689696850000000000e+09
6.417003252054330753e-01,8.608729625632433750e+14,1.689696851000000000e+09
9.218002856451662508e-01,1.587460605126067812e+14,1.689696852000000000e+09
6.613374695442731932e-01,1.061193862337533375e+15,1.689696853000000000e+09
1.316669563493931550e-01,1.848092749044445500e+15,1.689696854000000000e+09
5.859716740877168178e-02,1.349549248053893000e+15,1.689696855000000000e+09
3.666736790903508125e-01,7.044871628110128750e+14,1.689696856000000000e+09
9.001192793555357063e-01,1.186198937926557500e+15,1.689696857000000000e+09
4.434979951038283130e-01,1.745095315014944500e+15,1.689696858000000000e+09
1.054080058203522130e+00,4.567306891369766250e+14,1.689696859000000000e+09
8.584599302779454266e-01,1.576976519077075750e+15,1.689696860000000000e+09
4.926192196618689456e-01,1.517325570794699250e+15,1.689696861000000000e+09
1.247910116941298719e-01,1.776634218030339250e+15,1.689696862000000000e+09
1.048385124477417163e+00,1.132825545872583594e+14,1.689696863000000000e+09
3.997407702747974856e-01,1.536470667241558250e+15,1.689696864000000000e+09
9.003407872917223997e-01,1.393109721273595250e+15,1.689696865000000000e+09
7.052701135330510240e-01,1.160567575168238500e+15,1.689696866000000000e+09
8.550649381267897420e-01,9.947623881259082500e+14,1.689696867000000000e+09
6.363188185504813354e-01,1.966000924863550500e+15,1.689696868000000000e+09
9.593962448633641671e-01,1.515837912570592000e+15,1.689696869000000000e+09
7.673620941813756591e-02,1.382217198440868000e+15,1.689696870000000000e+09
7.933825757845877069e-01,1.501103124706616500e+15,1.689696871000000000e+09
4.569449675773066821e-01,1.100813424007937125e+15,1.689696872000000000e+09
4.179469616259062215e-01,1.251872567254783250e+15,1.689696873000000000e+09
6.529157660242963512e-01,1.136068489114811500e+15,1.689696874000000000e+09
1.013536674125124382e+00,5.944814558144372500e+14,1.689696875000000000e+09
6.473620603581221600e-01,5.088321948565090000e+14,1.689696876000000000e+09
3.350377669671401187e-02,3.638859682256756250e+14,1.689696877000000000e+09
4.163299788039124399e-02,1.548497383100860750e+15,1.689696878000000000e+09
7.528555335317785868e-01,1.664611478474734250e+15,1.689696879000000000e+09
6.285129923264275442e-01,1.898948064136261750e+15,1.689696880000000000e+09
1.083935788571887965e-01,1.251430600818035500e+15,1.689696881000000000e+09
5.708855673686055177e-01,8.026122146201738750e+14,1.689696882000000000e+09
1.047150105807092224e+00,1.142588616396148000e+15,1.689696883000000000e+09
5.819257381320562805e-01,6.097555484597457500e+14,1.689696884000000000e+09
1.046333718355331399e+00,1.234727996477601250e+15,1.689696885000000000e+09
9.274004258257398936e-01,6.642753446325946250e+14,1.689696886000000000e+09
1.033568785043766924e+00,1.411118099070019000e+15,1.689696887000000000e+09
1.089844751501513498e+00,1.890028548055297500e+15,1.689696888000000000e+09
6.946113296546075899e-01,1.401917403787127500e+15,1.689696889000000000e+09
1.028018403547055426e+00,1.586632024759190750e+15,1.689696890000000000e+09
1.095402641524805043e+00,1.850550810346844750e+15,1.689696891000000000e+09
1.247944191964397292e-02,2.339418934668776250e+14,1.689696892000000000e+09
7.705871595452441769e-02,6.185580642971010000e+14,1.689696893000000000e+09
1.509304038015609438e-02,1.179183445423271000e+15,1.689696894000000000e+09
2.876232775121223550e-01,3.124404782059430000e+14,1.689696895000000000e+09
9.329345653238048097e-01,1.620521539358048250e+15,1.689696896000000000e+09
7.193947206297904851e-01,1.482896987979728750e+14,1.689696897000000000e+09
2.443306070136329056e-01,1.167229917409095750e+15,1.689696898000000000e+09
7.993366393579244278e-01,1.677194506734590000e+15,1.689696899000000000e+09
1.245315333546334891e-01,1.239883171819718500e+15,1.689696900000000000e+09
8.114799861413927173e-01,7.162485206511032500e+14,1.689696901000000000e+09
8.956180406622523682e-01,3.303079781092376250e+14,1.689696902000000000e+09
1.592950408250886629e-01,1.093723339950502000e+15,1.689696903000000000e+09
6.296628193572830767e-01,1.409477384669227250e+15,1.689696904000000000e+09
8.228464796974902518e-01,1.027308690386761750e+15,1.689696905000000000e+09
5.794121469426165572e-01,1.027328573565942500e+14,1.689696906000000000e+09
1.057670768825648810e+00,1.069350406709758125e+15,1.689696907000000000e+09
5.562331504136038829e-01,1.265519044050963750e+15,1.689696908000000000e+09
4.457706776965197903e-02,1.602090374389511000e+15,1.689696909000000000e+09
7.175586409319484327e-01,2.848081258850302500e+14,1.689696910000000000e+09
2.897655316005424142e-01,1.054078980474237000e+15,1.689696911000000000e+09
7.105529169511679566e-01,3.746091680393256875e+14,1.689696912000000000e+09
3.338175821371854868e-01,4.389343746813863750e+14,1.689696913000000000e+09
4.725487313525615907e-01,5.837030106684472500e+14,1.689696914000000000e+09
3.862981267740822622e-01,1.748362324433727000e+15,1.689696915000000000e+09
2.940185730512901996e-01,3.064377921526161250e+14,1.689696916000000000e+09
5.394269079053337634e-02,8.758466111675976250e+14,1.689696917000000000e+09
3.688257577366631512e-01,8.475497894968626250e+14,1.689696918000000000e+09
1.259665949308061417e-01,2.917397641499082500e+14,1.689696919000000000e+09
7.728970361040207182e-01,1.389410546003216750e+15,1.689696920000000000e+09
7.588817937017761084e-01,1.644923060289866000e+15,1.689696921000000000e+09
2.652982882558213573e-02,7.743608890289517500e+14,1.689696922000000000e+09
4.196629255772920120e-01,1.048736955790182875e+15,1.689696923000000000e+09
8.168406618708035083e-02,1.433667500635325500e+15,1.689696924000000000e+09
3.309229093607023997e-01,1.637238396494222500e+15,1.689696925000000000e+09
9.041319821088324993e-01,1.652067597400185000e+15,1.689696926000000000e+09
5.919933667594140525e-01,1.508318814186856750e+15,1.689696927000000000e+09
2.298838715902645491e-01,4.531524911341726250e+14,1.689696928000000000e+09
6.969693261431805231e-01,1.897266666352137250e+15,1.689696929000000000e+09
1.086973579032385340e+00,2.363303162305870625e+14,1.689696930000000000e+09
7.608976401882246998e-01,1.726729584787848000e+15,1.689696931000000000e+09
4.645205228927208885e-01,9.063922137792215000e+14,1.689696932000000000e+09
1.646790553702261461e-01,7.821481051096030000e+14,1.689696933000000000e+09
8.630038992487291116e-01,1.985172117830240750e+15,1.689696934000000000e+09
7.314213853452430358e-01,1.454217904916881250e+15,1.689696935000000000e+09
9.491886280698498268e-01,1.450902316531511250e+15,1.689696936000000000e+09
5.801481457529188146e-02,5.666870529053977500e+14,1.689696937000000000e+09
9.637360183347565279e-01,3.699829222199605000e+14,1.689696938000000000e+09
6.480059810753512339e-01,1.970836014678782000e+15,1.689696939000000000e+09
5.274926229264131905e-01,1.778189494745299000e+15,1.689696940000000000e+09
5.004370755864221421e-01,5.471171623051914375e+14,1.689696941000000000e+09
7.160782197182634645e-01,1.668702833360279500e+15,1.689696942000000000e+09
3.460355035216564068e-01,9.631777706517395000e+14,1.689696943000000000e+09
1.030319988623302319e+00,4.112139822381081875e+14,1.689696944000000000e+09
5.547588939493149074e-02,1.098249244963974750e+15,1.689696945000000000e+09
5.722284451775432323e-01,4.525167766933934375e+14,1.689696946000000000e+09
4.477450268322486493e-01,1.887619214067433500e+15,1.689696947000000000e+09
9.360236353604892701e-01,1.240308233099973250e+15,1.689696948000000000e+09
2.553841621137259432e-01,3.801985482351809375e+14,1.689696949000000000e+09
1.157412271571094803e-01,1.949206077086914250e+15,1.689696950000000000e+09
6.305318020200306739e-01,2.059081774800235625e+14,1.689696951000000000e+09
3.014981591177083309e-01,1.556144985683192250e+15,1.689696952000000000e+09
5.185214997759252098e-01,1.592821343132715750e+15,1.689696953000000000e+09
1.608080232451807867e-01,4.197887109562721875e+14,1.689696954000000000e+09
4.971735176568814474e-01,1.879440862310983500e+15,1.689696955000000000e+09
8.294931210426680357e-01,1.578941665144324250e+15,1.689696956000000000e+09
8.027860869767986518e-01,4.849677064176395625e+14,1.689696957000000000e+09
2.853477988099042961e-01,9.412096028694150000e+14,1.689696958000000000e+09
1.084066053483256686e+00,1.058392533775041000e+15,1.689696959000000000e+09
5.471533988636656520e-01,4.170153025075967500e+14,1.689696960000000000e+09
6.126231289432364502e-01,7.859912947904320000e+14,1.689696961000000000e+09
8.686087041034434852e-01,3.229172677741757500e+14,1.689696962000000000e+09
7.119530786199232963e-01,4.211468595452816875e+14,1.689696963000000000e+09
1.071883435437763099e+00,4.922451567700280625e+14,1.689696964000000000e+09
1.047903303958371835e+00,1.722335304165234500e+15,1.689696965000000000e+09
7.836207628966449512e-01,1.112133346844455250e+15,1.689696966000000000e+09
5.104327525241485475e-01,1.263483171864853750e+15,1.689696967000000000e+09
7.927332756085003762e-01,1.865299041516660750e+15,1.689696968000000000e+09
4.309746938872466293e-01,1.941308442830120750e+15,1.689696969000000000e+09
1.080683687454822239e+00,9.417652191451293750e+14,1.689696970000000000e+09
4.456651147085690656e-01,1.738273119125579750e+15,1.689696971000000000e+09
5.515843123748260801e-01,1.091374587174642000e+15,1.689696972000000000e+09
5.264972229030297213e-02,1.065653828698569375e+15,1.689696973000000000e+09
2.222609747040959483e-01,1.510769665502308000e+15,1.689696974000000000e+09
6.265937112584532009e-01,1.163120680653870500e+15,1.689696975000000000e+09
6.137059212789685025e-01,1.028287628261513000e+15,1.689696976000000000e+09
9.306865170158902245e-01,7.857425903319446250e+14,1.689696977000000000e+09
1.147188139551250097e-01,1.339548348321577250e+15,1.689696978000000000e+09
4.158435489171001254e-01,7.462521266765156250e+14,1.689696979000000000e+09
6.056558750738753050e-01,1.457818995671905750e+15,1.689696980000000000e+09
1.079607064665512928e+00,8.184119950739976250e+14,1.689696981000000000e+09
1.012087097959073700e+00,8.982334288378321250e+14,1.689696982000000000e+09
5.976168567634094764e-01,4.842784097607343125e+14,1.689696983000000000e+09
1.489362358361777661e-01,1.752744471677473750e+15,1.689696984000000000e+09
9.354246194910946777e-01,9.217948452637437500e+14,1.689696985000000000e+09
3.758561658228239399e-01,6.436016002395647500e+14,1.689696986000000000e+09
7.375457898553861025e-01,9.538698843668555000e+14,1.689696987000000000e+09
4.749068432134821438e-01,3.439484200689008750e+14,1.689696988000000000e+09
4.968675827498054698e-01,1.527228292737592750e+15,1.689696989000000000e+09
1.047819504241060740e+00,4.443222731805050000e+14,1.689696990000000000e+09
3.800655675080703566e-01,5.395868370981918750e+14,1.689696991000000000e+09
1.569537856223636452e-01,1.165032908873451500e+15,1.689696992000000000e+09
7.811083521531761997e-01,1.008751017053297500e+15,1.689696993000000000e+09
7.740374291599888545e-01,5.527424981963981875e+14,1.689696994000000000e+09
9.730871888471946951e-01,7.164729904207467500e+14,1.689696995000000000e+09
5.696887354748916832e-02,3.323093433695517500e+14,1.689696996000000000e+09
9.880118549527308058e-01,1.423568875070853000e+15,1.689696997000000000e+09
4.850640675970266380e-01,1.136949972664564500e+15,1.689696998000000000e+09
1.089738994056463461e+00,2.489853882059198750e+14,1.689696999000000000e+09
1.019171062066010602e+00,1.443489511240113250e+15,1.689697000000000000e+09
9.083479717317838320e-01,1.177649672118573500e+15,1.689697001000000000e+09
6.197636054959401175e-01,5.012360577582118750e+14,1.689697002000000000e+09
3.721943801512668237e-01,1.529876602127882250e+15,1.689697003000000000e+09
7.555891275868287238e-01,6.755470173230222500e+14,1.689697004000000000e+09
7.250599399567687620e-01,1.931102714356283000e+15,1.689697005000000000e+09
1.761131331352883966e-01,1.334422029487215500e+15,1.689697006000000000e+09
6.571594943003244982e-01,9.384608232267550000e+14,1.689697007000000000e+09
6.602067844813086506e-01,5.384756372484245000e+14,1.689697008000000000e+09
3.457679151810201246e-01,1.577985266064584250e+15,1.689697009000000000e+09
2.992548499163216746e-01,1.717290869395137000e+15,1.689697010000000000e+09
9.705686642218667171e-01,1.214467939019071000e+15,1.689697011000000000e+09
4.412937968055315463e-01,1.900632375758680500e+15,1.689697012000000000e+09
1.001611096665227185e+00,2.788798252119746875e+14,1.689697013000000000e+09
1.080082166247718911e+00,1.057977715088882656e+14,1.689697014000000000e+09
9.048486072798067603e-01,1.358747605914355250e+15,1.689697015000000000e+09
2.054934418108327054e-01,8.818507391360968750e+14,1.689697016000000000e+09
3.841421067207243523e-01,6.623765387601567500e+14,1.689697017000000000e+09
4.349920902602803507e-01,6.392537647625342500e+14,1.689697018000000000e+09
4.454471913585628107e-01,7.296139009420335000e+14,1.689697019000000000e+09
9.757097870382845928e-01,7.198499245287885000e+14,1.689697020000000000e+09
4.211165888764038523e-01,1.327478236532070000e+15,1.689697021000000000e+09
3.716767247474965785e-01,9.318699217889563750e+14,1.689697022000000000e+09
3.010165445200536638e-01,2.435737644874810000e+14,1.689697023000000000e+09
8.744605108095011570e-01,3.199022052960437500e+14,1.689697024000000000e+09
3.046783681946027000e-01,4.480107218254691875e+14,1.689697025000000000e+09
9.795167427176869612e-01,6.979199709724552500e+14,1.689697026000000000e+09
7.140594972831869613e-01,1.723970872041120500e+15,1.689697027000000000e+09
7.310762036136680964e-01,1.535973516232212250e+15,1.689697028000000000e+09
1.116968142911998335e-01,4.990056047574553125e+14,1.689697029000000000e+09
6.232082126549810530e-01,9.924077094155792500e+14,1.689697030000000000e+09
8.052740233833490802e-01,9.554092408467176250e+14,1.689697031000000000e+09
8.536422025660744817e-01,1.999630081424947500e+15,1.689697032000000000e+09
2.014819689205349929e-01,6.781239111590466250e+14,1.689697033000000000e+09
3.008724692326197325e-01,2.685005237174916875e+14,1.689697034000000000e+09
1.557878309897569591e-01,8.719641138515322500e+14,1.689697035000000000e+09
5.980519159953481267e-01,1.233809969216777750e+15,1.689697036000000000e+09
4.991883575718675803e-01,8.478795164076292500e+14,1.689697037000000000e+09
1.097067251617450445e+00,1.883509139113358000e+15,1.689697038000000000e+09
4.743205894534263667e-01,1.899997491069066000e+15,1.689697039000000000e+09
4.341182287903349590e-01,7.524173013217947500e+14,1.689697040000000000e+09
4.521220104799850703e-01,1.362184375244025250e+15,1.689697041000000000e+09
7.309120360326076815e-01,1.871771227891548125e+14,1.689697042000000000e+09
1.103899971640097816e-01,5.936202170474062500e+14,1.689697043000000000e+09
6.611761338539250132e-02,6.017319393557647500e+14,1.689697044000000000e+09
6.959068646549845805e-02,1.825282539435802250e+15,1.689697045000000000e+09
3.946251747397243603e-01,2.754049676157597500e+14,1.689697046000000000e+09
9.751832178198928114e-01,1.880202798075637250e+15,1.689697047000000000e+09
3.893306633081905499e-01,1.802863377451632000e+15,1.689697048000000000e+09
7.879188063143770515e-01,1.363194095525396750e+15,1.689697049000000000e+09
6.640266138284570685e-01,1.286540602066944688e+14,1.689697050000000000e+09
7.067801929333404898e-01,3.984394464093900000e+14,1.689697051000000000e+09
1.065053460317055167e+00,2.651900431042230938e+14,1.689697052000000000e+09
5.056728766972125033e-01,8.141088488053906250e+14,1.689697053000000000e+09
1.535424893391052203e-01,1.016141983697199375e+14,1.689697054000000000e+09
8.813015181580422519e-01,1.470635524458791750e+15,1.689697055000000000e+09
6.429272978994431398e-01,7.973938337129022500e+14,1.689697056000000000e+09
1.086113536865836782e+00,7.110941976413938750e+14,1.689697057000000000e+09
1.047236861092772697e+00,1.665590884547062000e+15,1.689697058000000000e+09
7.019952218327172311e-01,3.875572677879721875e+14,1.689697059000000000e+09
7.868181001057528157e-01,7.015805154290835000e+14,1.689697060000000000e+09
1.070767156628215089e+00,1.788915258366742188e+14,1.689697061000000000e+09
2.376934375007816458e-01,1.577632000062142500e+15,1.689697062000000000e+09
1.424051726696879128e-01,5.430254942251932500e+14,1.689697063000000000e+09
2.887019118889202485e-01,1.931436698730799688e+14,1.689697064000000000e+09
6.453548204619965478e-01,1.859081493973750625e+14,1.689697065000000000e+09
1.008120055378106228e+00,1.392619446808359000e+15,1.689697066000000000e+09
1.232113170810800046e-01,1.391173911232497250e+15,1.689697067000000000e+09
4.454368867452390135e-01,1.024567518975093625e+15,1.689697068000000000e+09
2.667186476980497600e-01,1.086224459409254500e+15,1.689697069000000000e+09
7.114680203291634530e-01,3.988681987153546250e+14,1.689697070000000000e+09
6.084528266476638692e-01,1.979634356567219250e+15,1.689697071000000000e+09
2.663579198610433602e-02,1.574493174447610625e+14,1.689697072000000000e+09
1.954949478943992514e-01,1.233737676343738500e+15,1.689697073000000000e+09
5.894841000297541544e-01,8.426110969633483750e+14,1.689697074000000000e+09
7.180396474655355021e-01,7.046039635708398750e+14,1.689697075000000000e+09
4.761473616146464360e-01,5.479896363479125625e+14,1.689697076000000000e+09
9.060657023221312389e-01,8.635825987532926250e+14,1.689697077000000000e+09
3.684092265303086644e-01,1.420380492231512750e+15,1.689697078000000000e+09
7.330567841803188323e-01,1.769336614385651250e+15,1.689697079000000000e+09
5.543345840709090755e-01,1.361602504266360250e+15,1.689697080000000000e+09
1.800391757612523902e-01,1.900593096351917500e+15,1.689697081000000000e+09
6.827932595521933878e-01,1.903426496235300000e+15,1.689697082000000000e+09
8.997199502429619189e-01,2.648221642295594062e+14,1.689697083000000000e+09
4.690627723578875141e-01,1.575285986106397250e+15,1.689697084000000000e+09
3.221445906288492589e-01,1.118824311699290875e+15,1.689697085000000000e+09
1.095834295008837111e+00,7.590615812839105000e+14,1.689697086000000000e+09
4.145318457446014460e-01,3.361756894521468750e+14,1.689697087000000000e+09
1.919376829968031384e-01,1.462738844423784750e+15,1.689697088000000000e+09
4.372605767525580833e-01,1.542824391242813500e+15,1.689697089000000000e+09
6.252382954361332956e-01,5.108243795371338750e+14,1.689697090000000000e+09
5.793169798577341156e-01,8.133007150717356250e+14,1.689697091000000000e+09
5.877091993619921739e-01,1.748338562695949500e+15,1.689697092000000000e+09
1.019591257206331036e+00,4.282359284088958125e+14,1.689697093000000000e+09
5.636526222044828671e-01,1.058090597156527250e+15,1.689697094000000000e+09
1.591117626171348054e-01,1.418767616719207500e+14,1.689697095000000000e+09
4.765637083000267005e-01,1.950784666624325750e+15,1.689697096000000000e+09
8.949765489584328160e-01,1.986257897131058750e+15,1.689697097000000000e+09
1.015007502180062859e+00,1.574883663939924250e+15,1.689697098000000000e+09
7.976844135730749574e-01,1.329582530318021500e+15,1.689697099000000000e+09
3.306091274295044347e-01,1.444154419444807500e+15,1.689697100000000000e+09
6.252406359168346528e-01,1.185474945896901500e+15,1.689697101000000000e+09
8.606327740034095397e-01,1.851654292837772250e+15,1.689697102000000000e+09
6.090896319333579667e-01,1.497637176372396750e+15,1.689697103000000000e+09
2.127834169227871275e-01,1.741877834982927250e+15,1.689697104000000000e+09
6.615453362380581126e-01,4.935507092816010625e+14,1.689697105000000000e+09
1.041863452089763387e+00,8.446219455568851250e+14,1.689697106000000000e+09
4.646880472401199724e-01,1.491224013692174250e+15,1.689697107000000000e+09
3.497743215160061259e-01,1.892479529208869000e+15,1.689697108000000000e+09
9.695198373132286607e-01,1.837625934641662500e+15,1.689697109000000000e+09
1.178669623280979434e-01,9.233669956764946250e+14,1.689697110000000000e+09
7.735944620648903536e-01,1.794710563979185000e+15,1.689697111000000000e+09
1.090104754751437310e+00,1.978174665921739750e+15,1.689697112000000000e+09
8.693405685608827094e-01,9.182458133816713750e+14,1.689697113000000000e+09
9.601235539320324142e-01,7.368648647116431250e+14,1.689697114000000000e+09
3.052676634311104475e-01,1.974135465225538000e+15,1.689697115000000000e+09
1.631340331706718494e-01,3.181388437573945000e+14,1.689697116000000000e+09
5.093158835933693229e-01,1.845371966032349500e+15,1.689697117000000000e+09
1.772953301268918591e-01,1.260117092218058000e+15,1.689697118000000000e+09
8.699356378994559380e-01,1.610980341076163750e+15,1.689697119000000000e+09
3.043220403747183278e-01,1.658837940467548750e+15,1.689697120000000000e+09
4.538928434971912784e-01,1.098416498644352375e+15,1.689697121000000000e+09
5.437959648186878603e-01,1.607894805024874250e+15,1.689697122000000000e+09
8.884336443212165202e-01,1.912084470763053125e+14,1.689697123000000000e+09
8.528727097242386201e-02,1.913374894817209250e+15,1.689697124000000000e+09
7.402885548256291637e-01,8.351912385672362500e+14,1.689697125000000000e+09
7.978615704821293564e-01,4.433149253176727500e+14,1.689697126000000000e+09
1.414672031075389358e-01,1.783443658258452250e+15,1.689697127000000000e+09
2.309128969321536384e-01,1.487312016078388750e+15,1.689697128000000000e+09
1.064684609887526889e+00,1.227171900349955000e+15,1.689697129000000000e+09
1.504829728745404605e-01,7.556966337822511250e+14,1.689697130000000000e+09
8.698425557197757563e-01,1.391945150148018000e+15,1.689697131000000000e+09
2.969154851591518929e-01,1.114015215052527625e+15,1.689697132000000000e+09
2.412096009248558270e-01,3.115125224547861250e+14,1.689697133000000000e+09
8.550354957593221394e-01,1.564287669900484000e+15,1.689697134000000000e+09
3.477757877129117881e-01,9.550680809259707500e+14,1.689697135000000000e+09
9.835915534172580132e-01,1.734108440332518500e+15,1.689697136000000000e+09
1.525575824476004261e-01,1.633941855545781500e+15,1.689697137000000000e+09
2.672255642156590172e-01,3.057230299943946250e+14,1.689697138000000000e+09
4.401411475911112814e-01,5.882240634178610000e+14,1.689697139000000000e+09
4.245799657700778940e-01,6.261565959423696250e+14,1.689697140000000000e+09
5.914300736701925965e-02,1.902554884825187000e+15,1.689697141000000000e+09
1.215731744894765765e-01,6.999828459784903750e+14,1.689697142000000000e+09
6.715952929801743965e-01,3.975004397753385000e+14,1.689697143000000000e+09
8.544050630493801313e-01,8.955624758925610000e+14,1.689697144000000000e+09
6.915343240595583918e-01,1.630799413522276250e+15,1.689697145000000000e+09
2.615575682270942504e-01,4.112834290346354375e+14,1.689697146000000000e+09
8.189266457320946158e-01,1.754229952897144750e+15,1.689697147000000000e+09
8.679467192230033712e-01,9.121233615252822500e+14,1.689697148000000000e+09
3.552410236429351942e-01,8.306477795240966250e+14,1.689697149000000000e+09
9.184281601964778829e-01,1.256218425243944500e+15,1.689697150000000000e+09
4.169338908105726382e-01,1.289680786904424500e+15,1.689697151000000000e+09
6.045645025031470832e-01,3.167639241498552500e+14,1.689697152000000000e+09
1.071602942096682831e+00,1.964547972084749250e+15,1.689697153000000000e+09
1.046825678497438794e+00,6.668862112503122500e+14,1.689697154000000000e+09
2.874679902615117078e-01,6.081527957017177500e+14,1.689697155000000000e+09
8.169654447237818529e-01,6.678502591816548750e+14,1.689697156000000000e+09
3.975192781586606716e-01,1.223918873368542500e+15,1.689697157000000000e+09
3.309170216431797651e-01,1.285536350240301719e+14,1.689697158000000000e+09
2.035191530435044860e-01,1.597680738443634000e+15,1.689697159000000000e+09
4.271922065116934841e-01,2.017732910809033125e+14,1.689697160000000000e+09
6.908823734630532565e-01,3.623407528694272500e+14,1.689697161000000000e+09
3.756986899218064946e-01,9.310118101569192500e+14,1.689697162000000000e+09
2.617236516066569485e-01,1.930558238468596500e+15,1.689697163000000000e+09
4.814226097937776006e-01,5.078825877977836875e+14,1.689697164000000000e+09
9.964642439625244208e-01,1.299659528797701750e+15,1.689697165000000000e+09
6.525289973868595439e-01,8.774852850762757500e+14,1.689697166000000000e+09
4.383573195213411600e-01,1.656690788441248750e+15,1.689697167000000000e+09
1.040230217773251697e-01,1.316450799711643500e+15,1.689697168000000000e+09
4.060813512494957367e-01,7.666387693160602500e+14,1.689697169000000000e+09
8.758603717521358245e-01,7.471091430498628750e+14,1.689697170000000000e+09
6.308671318674397011e-01,1.338793673365453000e+15,1.689697171000000000e+09
4.989117819441948876e-01,8.130766484354640000e+14,1.689697172000000000e+09
3.893113169852906869e-02,3.672763659301956250e+14,1.689697173000000000e+09
1.728263742116946389e-01,8.219912930984670000e+14,1.689697174000000000e+09
9.783074624697407629e-01,6.385562915941342500e+14,1.689697175000000000e+09
1.059485479962851140e-01,5.905622923540675000e+14,1.689697176000000000e+09
3.062839014569044838e-01,5.921920316962472500e+14,1.689697177000000000e+09
9.979305098089008563e-01,1.049926738062365375e+15,1.689697178000000000e+09
4.563252758418921001e-02,2.164981221778528125e+14,1.689697179000000000e+09
3.206326433080908950e-02,1.895772731468416750e+15,1.689697180000000000e+09
9.055612586026927646e-01,1.644886800305187500e+15,1.689697181000000000e+09
4.823423044220333522e-01,8.062268812453248750e+14,1.689697182000000000e+09
3.196175892840086852e-01,1.144899705546919000e+15,1.689697183000000000e+09
1.754947480183441655e-01,1.089645337223579500e+15,1.689697184000000000e+09
8.012370431150160899e-01,1.326143185861076000e+15,1.689697185000000000e+09
3.111936381960341280e-01,7.622368926696051250e+14,1.689697186000000000e+09
3.581462863324276491e-02,6.109801435771105000e+14,1.689697187000000000e+09
7.979659928001745506e-01,7.681919461045503750e+14,1.689697188000000000e+09
4.838293495841248792e-01,4.750923257074171875e+14,1.689697189000000000e+09
1.025842396904646237e-01,1.505009825641062500e+15,1.689697190000000000e+09
4.653405887349764125e-01,5.696333345976637500e+14,1.689697191000000000e+09
1.071632716707915378e+00,1.005475907882532188e+14,1.689697192000000000e+09
1.044019554454979515e+00,4.291861410939620000e+14,1.689697193000000000e+09
6.195451387167979496e-01,9.356114383126012500e+14,1.689697194000000000e+09
8.033624929049302255e-01,1.699217264923733000e+15,1.689697195000000000e+09
8.863301682780948543e-01,1.659037875667178000e+15,1.689697196000000000e+09
8.078454135936109504e-01,4.573028497656596250e+14,1.689697197000000000e+09
7.373740234154457784e-01,7.008148511816258750e+14,1.689697198000000000e+09
5.372812055214192251e-01,5.825388824101802500e+14,1.689697199000000000e+09
1.432083960062288663e-01,1.499011189117037750e+15,1.689697200000000000e+09
4.540259656207753514e-01,1.606173960068134500e+15,1.689697201000000000e+09
7.067791528738268658e-01,8.456809339708350000e+14,1.689697202000000000e+09
8.152147951003292370e-01,1.174673944456681500e+15,1.689697203000000000e+09
1.112288277182125057e-01,1.372824694923045750e+15,1.689697204000000000e+09
4.166747660063590403e-02,1.957142100023224000e+15,1.689697205000000000e+09
1.891434860869200263e-01,1.185142310505193500e+15,1.689697206000000000e+09
3.148294353247340638e-01,1.575132983498995750e+15,1.689697207000000000e+09
6.415740821611933820e-01,4.673594345114296875e+14,1.689697208000000000e+09
8.349880648268315220e-01,2.258713946036880625e+14,1.689697209000000000e+09
1.771506532125829633e-02,4.054627272874683750e+14,1.689697210000000000e+09
4.070124514104855318e-01,1.339407797066074219e+14,1.689697211000000000e+09
8.266726312220789019e-01,7.176820376031503750e+14,1.689697212000000000e+09
6.974644708165460560e-01,1.889093831729908500e+15,1.689697213000000000e+09
8.350422677705346963e-01,1.980831786043744250e+15,1.689697214000000000e+09
6.632172505912146965e-02,6.464211644481732500e+14,1.689697215000000000e+09
7.214061262540463204e-01,1.471229705251673750e+14,1.689697216000000000e+09
5.366367212508141860e-01,1.000364770048507375e+15,1.689697217000000000e+09
7.897281248633679640e-01,8.466438552408853750e+14,1.689697218000000000e+09
4.111671179526515396e-01,3.343968275828765000e+14,1.689697219000000000e+09
2.186512025020418970e-01,1.747612301564716000e+15,1.689697220000000000e+09
5.266366260739701044e-01,1.851599609457129000e+15,1.689697221000000000e+09
8.231974818653886583e-02,1.294052096668651250e+15,1.689697222000000000e+09
4.943151471081461690e-01,1.375632251790327750e+15,1.689697223000000000e+09
6.296820193901991880e-01,1.940435853720611500e+15,1.689697224000000000e+09
7.856603091860852039e-01,6.407764210523421250e+14,1.689697225000000000e+09
2.909503294785966143e-01,8.708759861470797500e+14,1.689697226000000000e+09
1.322746716496033537e-01,1.746049140111488000e+15,1.689697227000000000e+09
1.079128650540882806e+00,1.096021987657645250e+15,1.689697228000000000e+09
4.546735291205192264e-01,1.853961777109420500e+15,1.689697229000000000e+09
1.040915992112639188e+00,1.452487782015888000e+15,1.689697230000000000e+09
1.344182698295984801e-01,1.431783428113553000e+15,1.689697231000000000e+09
1.876287877745410615e-01,2.267902172963702500e+14,1.689697232000000000e+09
8.189954186470734809e-01,5.405038777096850000e+14,1.689697233000000000e+09
9.857966582576247472e-01,1.765154101899256250e+15,1.689697234000000000e+09
2.925945265248873217e-01,1.454249877498689750e+15,1.689697235000000000e+09
3.870104112390259088e-01,5.840053132471667500e+14,1.689697236000000000e+09
3.998809227229142560e-01,1.466939555776922000e+15,1.689697237000000000e+09
3.816051658436605404e-02,7.275597124619813750e+14,1.689697238000000000e+09
3.167015954276648504e-01,1.163809950288331500e+15,1.689697239000000000e+09
9.588534341112296966e-01,9.409304425357975000e+14,1.689697240000000000e+09
3.162551529354289404e-01,1.873805973320509750e+15,1.689697241000000000e+09
8.830846714155919930e-01,1.700147111209130750e+15,1.689697242000000000e+09
6.771743326751460401e-01,1.951895306144885250e+15,1.689697243000000000e+09
5.126017028192921821e-01,1.010725641302657969e+14,1.689697244000000000e+09
3.225155243225192869e-01,1.107118995809549000e+15,1.689697245000000000e+09
2.318128249385655315e-01,7.299638872102493750e+14,1.689697246000000000e+09
8.909515358367277038e-01,3.860666271164640000e+14,1.689697247000000000e+09
3.751812368653594243e-01,9.845073680944406250e+14,1.689697248000000000e+09
6.187977233446981806e-01,6.735410039652530000e+14,1.689697249000000000e+09
2.858381726430003211e-01,1.711650253978928500e+15,1.689697250000000000e+09
1.726627800339747970e-02,1.988953932565871000e+15,1.689697251000000000e+09
4.968230326678862996e-02,1.938566537935520500e+15,1.689697252000000000e+09
7.720547214190660590e-01,3.489017488797836250e+14,1.689697253000000000e+09
4.446250795590089289e-01,1.545093478292790000e+15,1.689697254000000000e+09
6.795527429767588279e-01,4.232901012486050625e+14,1.689697255000000000e+09
3.753774697262412530e-01,3.991953291805232500e+14,1.689697256000000000e+09
8.719703682010421231e-01,4.912829114651768125e+14,1.689697257000000000e+09
1.097169469592569113e+00,1.225276300106601500e+15,1.689697258000000000e+09
8.214058519973198302e-02,1.847263557152336250e+15,1.689697259000000000e+09
7.887385642155660959e-01,1.425381584156686750e+15,1.689697260000000000e+09
2.329447730881829132e-02,1.630723857375171250e+15,1.689697261000000000e+09
8.621473278098220616e-01,1.669168403400304000e+15,1.689697262000000000e+09
3.091450411924206998e-01,1.169435693469626500e+15,1.689697263000000000e+09
1.044852609947384492e+00,1.160044554441962000e+15,1.689697264000000000e+09
2.767460270232497410e-01,1.390706028163135625e+14,1.689697265000000000e+09
1.426268055755005593e-01,1.503473057673466500e+15,1.689697266000000000e+09
8.076371291388775298e-01,1.021933079067264000e+15,1.689697267000000000e+09
8.916515600343826176e-01,5.571050399878116875e+14,1.689697268000000000e+09
9.786901979444669886e-01,1.068775410972026125e+15,1.689697269000000000e+09
8.450808400085707550e-01,1.229953364469558750e+15,1.689697270000000000e+09
3.824006516839356107e-01,1.018673936997553125e+15,1.689697271000000000e+09
1.031712413255076594e-01,1.715961142460906750e+15,1.689697272000000000e+09
7.589016222152183966e-02,1.222803828119263000e+15,1.689697273000000000e+09
3.948703106917711980e-01,7.522739792942881250e+14,1.689697274000000000e+09
4.551889691537893134e-01,1.362378147404733000e+15,1.689697275000000000e+09
4.360463996610667303e-01,9.008815186678233750e+14,1.689697276000000000e+09
2.968134208323334744e-01,1.958070861987086750e+15,1.689697277000000000e+09
7.248068671594188883e-01,1.126065809612185000e+15,1.689697278000000000e+09
3.411433626547215603e-01,1.876915038084880250e+15,1.689697279000000000e+09
2.649785233747118940e-01,1.603771703389247750e+15,1.689697280000000000e+09
2.534121069049826147e-01,1.021749686377670375e+15,1.689697281000000000e+09
6.356830153689371210e-01,1.332718216745194000e+15,1.689697282000000000e+09
5.034764654992794908e-01,1.488559108352595000e+15,1.689697283000000000e+09
3.044470036438201022e-01,1.963402364199192250e+15,1.689697284000000000e+09
7.583898859648589008e-01,6.608796149005645000e+14,1.689697285000000000e+09
7.089025260868172529e-01,1.839964637559728000e+15,1.689697286000000000e+09
5.101601400864091973e-02,4.866015501534924375e+14,1.689697287000000000e+09
9.399750027213864545e-01,5.281476404555861250e+14,1.689697288000000000e+09
1.417252606514519953e-01,9.070969937502946250e+14,1.689697289000000000e+09
7.425356997032116491e-01,1.043239208366109625e+15,1.689697290000000000e+09
1.186324061513529676e-01,1.862936173180554250e+15,1.689697291000000000e+09
6.574604301241910864e-01,2.771604141409075625e+14,1.689697292000000000e+09
2.030447210963187421e-01,7.749428874310008750e+14,1.689697293000000000e+09
9.669461948933408824e-01,3.186530550964596250e+14,1.689697294000000000e+09
1.417783860362148152e-01,1.669183166620518750e+15,1.689697295000000000e+09
5.801594928380630067e-01,1.350352493611036719e+14,1.689697296000000000e+09
1.038742598327635047e+00,7.025745205205482500e+14,1.689697297000000000e+09
6.167441089473286731e-01,1.394708685419340000e+15,1.689697298000000000e+09
6.983563373144758835e-01,1.108980744970076125e+15,1.689697299000000000e+09
6.973943168290067662e-01,1.703991149300636750e+15,1.689697300000000000e+09
7.227632643538124679e-02,1.578628725657833250e+15,1.689697301000000000e+09
5.674179994459418452e-01,1.909097224185118500e+15,1.689697302000000000e+09
3.204195413945123416e-01,1.042504014112365375e+15,1.689697303000000000e+09
5.035246901923582374e-01,5.014295226292841250e+14,1.689697304000000000e+09
8.181822812236690945e-01,1.788703885777588000e+15,1.689697305000000000e+09
1.008650714753023037e+00,1.040103169508337875e+15,1.689697306000000000e+09
9.235222955910261655e-01,2.465170329678965312e+14,1.689697307000000000e+09
8.670347205484939535e-01,4.633612672654634375e+14,1.689697308000000000e+09
6.689384827969517833e-01,9.854014609666456250e+14,1.689697309000000000e+09
4.358208382908992373e-01,1.611592939327782000e+15,1.689697310000000000e+09
8.039046130225663278e-01,1.587272886216649250e+15,1.689697311000000000e+09
5.122456942215545261e-01,1.474833788464845500e+15,1.689697312000000000e+09
7.062130146120658702e-01,8.425226404551671250e+14,1.689697313000000000e+09
6.062173199376783006e-02,1.266143146643221750e+15,1.689697314000000000e+09
6.463695146693577698e-01,8.149351764272711250e+14,1.689697315000000000e+09
5.191328316318467584e-01,8.436296383019421250e+14,1.689697316000000000e+09
2.699609094773114393e-01,4.378574362953066875e+14,1.689697317000000000e+09
3.828355111386655962e-01,1.029114089886865375e+15,1.689697318000000000e+09
9.369461137428407582e-01,7.509139606264602500e+14,1.689697319000000000e+09
1.673690940467645882e-01,1.893652131066304750e+15,1.689697320000000000e+09
4.682188277143399802e-01,4.326447612518225000e+14,1.689697321000000000e+09
7.565772706441364903e-01,5.456909999276351250e+14,1.689697322000000000e+09
6.510491055010297901e-01,1.651856649894454000e+15,1.689697323000000000e+09
6.488863485499599681e-01,3.627599405271042500e+14,1.689697324000000000e+09
6.998353521569432578e-01,1.649669470176164500e+15,1.689697325000000000e+09
1.641185929121654827e-02,5.526857463240358125e+14,1.689697326000000000e+09
5.535997136283575815e-01,1.371635594956347250e+15,1.689697327000000000e+09
6.964649231129805829e-01,9.107529455722376250e+14,1.689697328000000000e+09
1.008584188209793675e+00,1.678420812341249250e+15,1.689697329000000000e+09
7.129404001640224919e-01,1.535247941654199750e+15,1.689697330000000000e+09
7.783835591797280129e-01,3.655918903230809375e+14,1.689697331000000000e+09
4.147177656974767035e-01,1.459934117841461000e+15,1.689697332000000000e+09
7.108852484936173388e-01,1.863373595067415000e+15,1.689697333000000000e+09
3.991265267697782781e-01,3.213816634706473750e+14,1.689697334000000000e+09
8.899907798873367692e-01,6.099437979666780000e+14,1.689697335000000000e+09
5.007199487119495807e-01,1.974364713354122750e+15,1.689697336000000000e+09
3.045240267250032828e-01,8.461380633881018750e+14,1.689697337000000000e+09
7.870927187332358299e-01,1.295287438379063500e+15,1.689697338000000000e+09
5.607905121933316056e-02,1.601404131206970000e+14,1.689697339000000000e+09
8.888017910980113845e-01,1.662013857947496500e+15,1.689697340000000000e+09
9.285871161450251488e-02,5.669968637285692500e+14,1.689697341000000000e+09
1.043685907933585177e+00,1.114374420125125000e+15,1.689697342000000000e+09
1.770839325641640205e-01,8.275888003343065000e+14,1.689697343000000000e+09
2.196548717304321052e-01,5.930190797371053750e+14,1.689697344000000000e+09
5.360852498651310638e-01,1.917530886163085500e+15,1.689697345000000000e+09
1.065278715086544370e+00,1.654742841687151000e+15,1.689697346000000000e+09
2.822785453009586387e-01,2.091108464383711250e+14,1.689697347000000000e+09
8.358743954655670771e-01,1.412032768422272000e+15,1.689697348000000000e+09
5.035903045182421600e-01,1.541926345584725500e+15,1.689697349000000000e+09
2.559863639508927480e-01,3.949432986292748125e+14,1.689697350000000000e+09
2.069702570795593777e-01,1.651808939263411250e+15,1.689697351000000000e+09
4.296406034766377807e-02,2.084420946550470938e+14,1.689697352000000000e+09
9.223957776029684252e-01,4.658266962901382500e+14,1.689697353000000000e+09
9.696078770906614297e-01,1.509418644430481250e+15,1.689697354000000000e+09
9.912625930421188336e-01,5.750761302455135000e+14,1.689697355000000000e+09
1.627047859903060500e-01,9.112299040643667500e+14,1.689697356000000000e+09
2.032957270673313166e-01,1.512839606528379750e+15,1.689697357000000000e+09
7.892652117456068206e-01,2.747198756774801562e+14,1.689697358000000000e+09
7.245677601261917289e-01,1.756229698845305500e+15,1.689697359000000000e+09
5.383160396091164479e-01,8.699382242258838750e+14,1.689697360000000000e+09
1.591634534925465139e-01,1.226648539696706250e+15,1.689697361000000000e+09
8.600287771520556124e-01,1.329493736963949000e+15,1.689697362000000000e+09
6.304970604151813873e-01,1.813848050249916250e+15,1.689697363000000000e+09
4.268510493406681983e-01,1.280240500550653000e+15,1.689697364000000000e+09
9.072394501749805329e-01,6.852175566452121250e+14,1.689697365000000000e+09
2.032950536060014468e-01,7.863890652014876250e+14,1.689697366000000000e+09
1.995100278749598333e-01,1.109343232724108750e+15,1.689697367000000000e+09
8.161364420866749070e-01,6.552222233244292500e+14,1.689697368000000000e+09
1.231574841943139376e-01,9.378476931614087500e+14,1.689697369000000000e+09
7.319121345503444287e-01,3.103276286893392500e+14,1.689697370000000000e+09
2.683105405985029557e-01,1.809080989895197750e+15,1.689697371000000000e+09
5.807005406745024967e-01,1.861156758672356250e+14,1.689697372000000000e+09
7.361162880086002946e-01,1.358110636467276000e+15,1.689697373000000000e+09
3.258582353239173890e-01,1.259747287582323000e+15,1.689697374000000000e+09
2.910127784872812984e-01,1.896675855973268750e+15,1.689697375000000000e+09
9.173370158410778519e-01,7.670314010938302500e+14,1.689697376000000000e+09
4.699398813303529709e-01,5.992225736947398750e+14,1.689697377000000000e+09
6.169737111879712854e-01,6.451420639366307500e+14,1.689697378000000000e+09
3.558225397583625327e-01,2.202993431546599375e+14,1.689697379000000000e+09
1.052206788746934185e+00,1.654895597028702250e+15,1.689697380000000000e+09
6.145633086681500101e-01,4.937921599894399375e+14,1.689697381000000000e+09
1.337789575322912566e-02,9.888826538075528750e+14,1.689697382000000000e+09
2.233905021071844743e-01,1.552568839633868000e+15,1.689697383000000000e+09
1.308644662842874673e-01,1.602973518355571000e+15,1.689697384000000000e+09
8.783351746417489281e-01,4.886237196397773125e+14,1.689697385000000000e+09
1.712469388285217664e-01,1.097580417152121250e+15,1.689697386000000000e+09
9.599783728771923430e-01,7.279929866923575000e+14,1.689697387000000000e+09
2.241420597962196226e-01,9.877246976689895000e+14,1.689697388000000000e+09
9.863069782657475359e-01,1.494735175137936500e+15,1.689697389000000000e+09
4.040673711720862427e-01,1.646425078911653250e+15,1.689697390000000000e+09
3.032515728526509746e-01,1.381612050655240250e+15,1.689697391000000000e+09
4.372205865171809730e-02,1.870880557666287812e+14,1.689697392000000000e+09
4.506061324642681720e-01,3.954052886023520000e+14,1.689697393000000000e+09
5.483671572338227884e-01,7.553398924319827500e+14,1.689697394000000000e+09
9.911210005304103843e-02,1.881338474534282250e+15,1.689697395000000000e+09
4.085929951826886009e-01,4.083720030148349375e+14,1.689697396000000000e+09
1.264680510518173540e-02,5.819044054351320000e+14,1.689697397000000000e+09
6.574451882471078479e-01,5.495082800836286250e+14,1.689697398000000000e+09
1.556870931677620251e-01,1.271120829709811500e+15,1.689697399000000000e+09
2.230747059199575666e-01,1.983874547835350750e+15,1.689697400000000000e+09
6.101171022007305378e-02,5.473282607120697500e+14,1.689697401000000000e+09
4.560765656385023514e-01,1.032524132361035156e+14,1.689697402000000000e+09
8.859680059222188042e-01,1.200991438538552188e+14,1.689697403000000000e+09
3.839892653494274555e-01,1.082576760336502500e+15,1.689697404000000000e+09
1.362727183301976619e-01,1.651612579926691000e+15,1.689697405000000000e+09
9.958940682980145231e-01,1.694361575607816750e+15,1.689697406000000000e+09
9.875657552723893229e-01,1.658971336367839000e+15,1.689697407000000000e+09
1.098289645671990666e-01,1.810430519448743250e+15,1.689697408000000000e+09
8.094780795500432502e-01,1.600968179968128750e+15,1.689697409000000000e+09
7.775834384758789630e-02,1.550675408085350750e+15,1.689697410000000000e+09
5.020397945212500268e-01,1.552689118707613250e+15,1.689697411000000000e+09
6.428466814699720366e-01,1.823613730739404000e+15,1.689697412000000000e+09
5.018320442934155468e-01,6.028340927462955000e+14,1.689697413000000000e+09
6.631854489224942029e-02,1.587437364550004000e+15,1.689697414000000000e+09
6.511487654182649409e-01,8.111105262231398750e+14,1.689697415000000000e+09
5.034111225023585323e-01,9.340059349311443750e+14,1.689697416000000000e+09
4.827621242403581925e-02,3.799165102893875000e+14,1.689697417000000000e+09
3.138890070750195993e-01,1.481448424996360000e+15,1.689697418000000000e+09
6.634848882713048068e-01,3.287683042899487500e+14,1.689697419000000000e+09
5.647635707653061443e-01,1.814975510030182000e+15,1.689697420000000000e+09
5.539655870196676934e-01,1.361060532344813500e+15,1.689697421000000000e+09
9.157275164368857689e-01,6.592640605370215000e+14,1.689697422000000000e+09
8.446030440165491759e-01,1.839125091437725750e+15,1.689697423000000000e+09
4.318320462982587760e-01,1.617107016215897500e+15,1.689697424000000000e+09
8.972802355320583789e-01,4.088112206522856250e+14,1.689697425000000000e+09
6.270430347282170969e-01,4.320188032995053750e+14,1.689697426000000000e+09
4.624620716801300380e-01,1.427814183180563250e+15,1.689697427000000000e+09
7.355369869760450818e-01,1.613100515103660750e+15,1.689697428000000000e+09
6.692299641937031751e-01,1.203815841904076000e+15,1.689697429000000000e+09
9.148564816701019176e-01,1.364764652646325000e+15,1.689697430000000000e+09
9.052429889444946198e-01,1.688347078120506750e+15,1.689697431000000000e+09
3.274532331988743578e-02,1.705226834039513500e+15,1.689697432000000000e+09
3.995618791068921705e-01,1.646330861260021875e+14,1.689697433000000000e+09
6.471604308833645014e-02,1.461316544239135500e+15,1.689697434000000000e+09
7.670467685360368160e-01,1.302738833229887500e+15,1.689697435000000000e+09
5.396321050231609462e-01,1.525055241514459500e+15,1.689697436000000000e+09
7.891053889276381517e-01,7.701325384266681250e+14,1.689697437000000000e+09
9.090361332322792753e-01,3.489553972710715000e+14,1.689697438000000000e+09
3.870416170020574698e-01,9.179391537795487500e+14,1.689697439000000000e+09
7.484904126028981697e-01,7.852721591559025000e+14,1.689697440000000000e+09
7.986856962383089842e-01,3.904486620365846875e+14,1.689697441000000000e+09
9.038636999789111393e-01,1.444892354494642250e+15,1.689697442000000000e+09
2.066116643147594412e-01,8.372152504207728750e+14,1.689697443000000000e+09
7.601554573109654545e-01,1.402879695057912250e+15,1.689697444000000000e+09
2.051418100945854028e-01,1.476615532944992500e+15,1.689697445000000000e+09
1.036136659716799135e+00,1.628973526935593500e+15,1.689697446000000000e+09
1.735534301410883995e-01,9.345247633788492500e+14,1.689697447000000000e+09
1.259655779948969101e-01,3.571956947681386250e+14,1.689697448000000000e+09
7.866994099046478173e-01,1.635404436004999000e+15,1.689697449000000000e+09
3.730691859935776344e-01,1.960967170408690250e+15,1.689697450000000000e+09
9.129148749956500497e-01,8.583205424632312500e+14,1.689697451000000000e+09
4.706483362743514864e-01,1.083733508621500750e+15,1.689697452000000000e+09
8.130195246891945837e-01,2.808676790839440938e+14,1.689697453000000000e+09
7.879376561229943787e-01,6.280724801744532500e+14,1.689697454000000000e+09
5.912749882884518193e-01,2.366226142030308750e+14,1.689697455000000000e+09
8.372788606939990386e-01,9.097036841029623750e+14,1.689697456000000000e+09
9.345795220178212959e-02,1.332902130975977750e+15,1.689697457000000000e+09
6.183140775347548690e-01,1.841681854015646500e+15,1.689697458000000000e+09
6.998654469826292024e-01,1.811449143577768000e+15,1.689697459000000000e+09
9.900686611939846227e-02,3.730661899118371875e+14,1.689697460000000000e+09
1.053894739047489537e+00,7.958023598680842500e+14,1.689697461000000000e+09
3.495499438004874837e-01,1.579283730514582500e+15,1.689697462000000000e+09
4.147967902414689267e-01,1.392161132500110000e+15,1.689697463000000000e+09
2.996113462366313263e-01,1.212615915284309000e+15,1.689697464000000000e+09
9.922330396867532487e-01,1.867875059571752500e+15,1.689697465000000000e+09
3.905138030364012636e-01,7.122485376172130000e+14,1.689697466000000000e+09
5.277589962604235518e-01,1.722422465034469500e+15,1.689697467000000000e+09
9.802367691736267874e-01,1.641175905269659500e+15,1.689697468000000000e+09
1.402354000430955927e-01,5.001644223181051875e+14,1.689697469000000000e+09
2.128834647731373819e-01,7.370338714018806250e+14,1.689697470000000000e+09
6.664591427488549824e-01,3.965073400372526875e+14,1.689697471000000000e+09
1.016176144606546927e+00,1.216037757891278250e+15,1.689697472000000000e+09
4.802611165143674254e-01,1.041483144127644250e+15,1.689697473000000000e+09
2.732328779838857913e-02,1.166260864251355750e+15,1.689697474000000000e+09
3.168416218169770038e-01,1.896509469192490750e+15,1.689697475000000000e+09
5.384434365398828026e-01,9.866166381246283750e+14,1.689697476000000000e+09
7.727066539855345084e-01,1.547520472818426000e+15,1.689697477000000000e+09
6.684208941477243204e-01,1.737313126598634750e+15,1.689697478000000000e+09
9.493748847381427991e-01,4.794018736381680625e+14,1.689697479000000000e+09
1.662410668226746158e-01,6.367067121871527500e+14,1.689697480000000000e+09
8.287182923852735028e-01,1.194514130027796500e+15,1.689697481000000000e+09
8.303173515943216287e-01,1.953161556709958500e+15,1.689697482000000000e+09
9.816337635857856903e-01,1.495893348873367500e+15,1.689697483000000000e+09
5.976956970984712569e-01,1.762444582351100500e+15,1.689697484000000000e+09
2.230914705673255893e-01,1.372518821121862250e+15,1.689697485000000000e+09
7.153746756914575178e-01,1.930383015633208000e+15,1.689697486000000000e+09
6.503266824885887143e-01,1.690970483497559000e+15,1.689697487000000000e+09
2.360414817596859505e-01,1.353645117810651500e+15,1.689697488000000000e+09
3.723869892525951547e-02,1.719383030166719250e+15,1.689697489000000000e+09
5.431506895569828686e-01,1.910127320089736750e+15,1.689697490000000000e+09
3.737147158237919681e-02,1.684372889032793250e+15,1.689697491000000000e+09
9.699570317120519425e-01,7.884679514366763750e+14,1.689697492000000000e+09
4.957094788780117695e-02,1.502219590998510000e+15,1.689697493000000000e+09
3.192858174681840744e-01,1.670413749205095250e+15,1.689697494000000000e+09
1.068729134932272951e+00,1.848658297326408250e+15,1.689697495000000000e+09
2.345699007980227291e-02,1.378202999222012750e+15,1.689697496000000000e+09
8.034259117851525467e-01,1.074292221922224000e+15,1.689697497000000000e+09
1.032192424797875596e-01,2.117433160025073750e+14,1.689697498000000000e+09
1.083390144586316994e+00,1.220412940052806250e+15,1.689697499000000000e+09
5.287026739867521918e-01,6.743847515580755000e+14,1.689697500000000000e+09
1.910625455644356097e-01,1.815666526755963750e+15,1.689697501000000000e+09
1.074325069483522910e+00,4.523784417270193125e+14,1.689697502000000000e+09
4.206104553081911890e-01,1.913238799728151500e+15,1.689697503000000000e+09
7.714586748664149507e-01,8.911271804759747500e+14,1.689697504000000000e+09
4.427998885561209019e-01,3.188349114586958750e+14,1.689697505000000000e+09
4.768364731710127841e-02,1.287372067153004062e+14,1.689697506000000000e+09
6.517244997196445233e-01,1.306397251424679688e+14,1.689697507000000000e+09
9.525131366445137582e-01,3.917506798766924375e+14,1.689697508000000000e+09
4.378374963909898443e-01,1.210090893327580000e+15,1.689697509000000000e+09
2.777491285325814352e-01,2.326471873428699062e+14,1.689697510000000000e+09
7.301380712053601174e-01,4.894308741967923125e+14,1.689697511000000000e+09
3.479254313582361702e-01,7.206279243997653750e+14,1.689697512000000000e+09
6.406680415471251999e-01,1.778257083272125000e+15,1.689697513000000000e+09
8.307931760054596548e-01,6.933222470018040000e+14,1.689697514000000000e+09
3.886285243688529234e-01,1.683586763572053000e+15,1.689697515000000000e+09
1.467538571769338163e-01,1.985773174280756000e+15,1.689697516000000000e+09
7.487435503437429585e-01,1.176332496627672750e+15,1.689697517000000000e+09
4.195889358257026691e-01,3.454463857996367500e+14,1.689697518000000000e+09
8.236309706877513737e-01,1.056094292038654000e+15,1.689697519000000000e+09
8.669422421114597599e-01,1.038538969933762125e+15,1.689697520000000000e+09
1.071457930466725106e+00,1.531029942971031750e+15,1.689697521000000000e+09
4.017242654100784960e-01,5.889961074401302500e+14,1.689697522000000000e+09
1.001301792937429533e-02,1.474117458259872750e+15,1.689697523000000000e+09
2.109894306664592545e-01,1.864755570308380250e+15,1.689697524000000000e+09
1.562500845928592730e-01,1.339692911552388500e+15,1.689697525000000000e+09
2.318091608265034631e-01,1.600268356984317500e+15,1.689697526000000000e+09
5.033408449545315744e-01,5.943688959351585000e+14,1.689697527000000000e+09
7.587784582084593499e-01,1.448992669609206250e+14,1.689697528000000000e+09
7.271049623118615302e-02,1.184770850113469250e+15,1.689697529000000000e+09
4.804770779071990128e-01,1.565154633695430000e+15,1.689697530000000000e+09
8.854656722513093436e-01,1.625246953627704500e+15,1.689697531000000000e+09
4.710379981241870073e-01,1.954106877760865500e+15,1.689697532000000000e+09
1.644891566596160815e-01,1.809428741114452000e+15,1.689697533000000000e+09
4.601772494317175610e-01,6.635461262448492500e+14,1.689697534000000000e+09
5.722746015516060325e-01,1.065989243666720625e+15,1.689697535000000000e+09
9.081881754497146408e-01,6.220752524740477500e+14,1.689697536000000000e+09
1.605181746644522567e-01,2.638163329170173750e+14,1.689697537000000000e+09
4.099842017492036361e-02,7.508208100839147500e+14,1.689697538000000000e+09
9.890431104735438739e-01,4.086886240856700625e+14,1.689697539000000000e+09
8.673619393969169700e-01,1.337209776652756500e+15,1.689697540000000000e+09
3.268332927502402008e-01,7.002183501540541250e+14,1.689697541000000000e+09
6.331308148288709026e-01,1.204590575795388500e+15,1.689697542000000000e+09
2.427268723280209817e-01,1.925168332910486750e+15,1.689697543000000000e+09
1.424870221121489755e-01,1.101942513287617625e+15,1.689697544000000000e+09
4.749392476257902063e-02,1.426527194433685750e+15,1.689697545000000000e+09
2.134549906383548801e-01,8.554507136892443750e+14,1.689697546000000000e+09
2.554838408631677771e-01,6.578103349348645000e+14,1.689697547000000000e+09
4.981446693389210423e-01,8.591408114690425000e+14,1.689697548000000000e+09
4.986626123048915615e-01,8.992337211515356250e+14,1.689697549000000000e+09
1.407375463838385354e-01,6.683199070029741250e+14,1.689697550000000000e+09
1.465412636294380344e-01,1.811426988689078750e+14,1.689697551000000000e+09
7.912383031610288331e-01,1.928445127058911000e+15,1.689697552000000000e+09
2.612841175464293841e-01,1.765686580791709500e+15,1.689697553000000000e+09
3.361535419563457250e-01,1.960015386953972750e+15,1.689697554000000000e+09
2.583959989209657637e-01,1.180486471959906000e+15,1.689697555000000000e+09
1.973230745331883695e-01,7.870113806357273750e+14,1.689697556000000000e+09
9.211361901808992059e-01,1.670926683826375938e+14,1.689697557000000000e+09
3.334943569261082374e-01,1.388920211080490000e+15,1.689697558000000000e+09
2.861247152470628441e-01,9.557514997707610000e+14,1.689697559000000000e+09
9.775460243686493467e-01,3.025008999835442500e+14,1.689697560000000000e+09
9.373105518061962682e-01,1.607776143752247500e+15,1.689697561000000000e+09
8.561076354377704645e-01,1.044390508451821875e+15,1.689697562000000000e+09
6.787261318408124300e-01,8.964670616671636250e+14,1.689697563000000000e+09
9.913391986546172818e-01,6.752249479571480000e+14,1.689697564000000000e+09
9.507889068402938793e-02,1.477501704390567250e+15,1.689697565000000000e+09
1.039057935952921286e+00,1.611564345338270750e+15,1.689697566000000000e+09
8.590948429785555396e-01,5.935657381463242500e+14,1.689697567000000000e+09
3.182734188220738836e-01,8.777656958551103750e+14,1.689697568000000000e+09
1.073243724915143193e+00,1.092748149772408375e+15,1.689697569000000000e+09
5.806882831503907827e-01,1.267484537602165000e+14,1.689697570000000000e+09
6.114189134422014504e-01,1.749379752884601750e+15,1.689697571000000000e+09
1.069976192822887695e+00,7.240888362914966250e+14,1.689697572000000000e+09
3.209735077498437894e-01,9.977316456509998750e+14,1.689697573000000000e+09
3.876761553602228183e-01,6.463366129401020000e+14,1.689697574000000000e+09
1.615918156483850676e-01,9.418781171531346250e+14,1.689697575000000000e+09
1.705272551311246831e-01,4.199951242064740000e+14,1.689697576000000000e+09
2.073482648625528946e-01,6.995947205664090000e+14,1.689697577000000000e+09
7.685293498123734190e-01,9.639657970493593750e+14,1.689697578000000000e+09
4.539324197526586890e-01,1.634999788933383500e+15,1.689697579000000000e+09
5.746690213625359478e-01,1.455225284705636750e+15,1.689697580000000000e+09
4.911969021997404927e-01,1.276141799117028000e+15,1.689697581000000000e+09
8.837924811030249961e-01,4.612422589619199375e+14,1.689697582000000000e+09
3.893072019793805683e-01,1.971029814494931500e+15,1.689697583000000000e+09
7.022741166842041416e-01,9.002319462145688750e+14,1.689697584000000000e+09
1.063925284842683894e+00,1.531758753055639250e+15,1.689697585000000000e+09
8.431895633551195202e-01,1.248475582735410750e+15,1.689697586000000000e+09
6.936546010873837487e-01,1.483874281461098500e+15,1.689697587000000000e+09
6.501712821670597720e-01,6.132474612480618750e+14,1.689697588000000000e+09
7.878945478231511590e-01,1.767296570031565500e+15,1.689697589000000000e+09
9.207421812435055974e-01,1.166491483034086250e+15,1.689697590000000000e+09
2.260382198513420926e-01,1.848380073318419000e+15,1.689697591000000000e+09
5.319090819881836518e-01,2.154178944105344375e+14,1.689697592000000000e+09
8.193721722802641549e-01,1.681498938430999500e+15,1.689697593000000000e+09
8.339994877988837763e-01,2.547663260107560625e+14,1.689697594000000000e+09
1.927451761741768577e-01,1.834948176078456250e+15,1.689697595000000000e+09
6.028199294238065775e-01,1.565900709508041250e+15,1.689697596000000000e+09
1.291467442589894488e-01,1.994438641144395250e+15,1.689697597000000000e+09
6.538739537385218625e-01,8.921680890500597500e+14,1.689697598000000000e+09
1.307844481759775357e-01,9.493995898381025000e+14,1.689697599000000000e+09
7.746244486162165988e-01,6.431709495587200000e+14,1.689697600000000000e+09
2.978671344299141932e-01,5.424234774584529375e+14,1.689697601000000000e+09
2.844460616023682942e-01,7.009211242988738750e+14,1.689697602000000000e+09
3.391279957135859835e-01,2.784389724090703438e+14,1.689697603000000000e+09
2.674103190278388498e-01,4.912998631273119375e+14,1.689697604000000000e+09
9.795113739883613835e-02,4.044675926143374375e+14,1.689697605000000000e+09
6.882099010832396502e-01,3.571277487959572500e+14,1.689697606000000000e+09
4.499954889070253428e-01,1.344217977843456250e+15,1.689697607000000000e+09
9.038374658382866134e-01,1.822162466146901750e+15,1.689697608000000000e+09
7.003875637401879573e-02,3.231469725533181250e+14,1.689697609000000000e+09
9.665543405285379475e-01,1.611079630496675938e+14,1.689697610000000000e+09
6.777955337754195675e-01,1.341701773028869750e+15,1.689697611000000000e+09
4.844283143466734387e-01,2.812214829272035000e+14,1.689697612000000000e+09
7.157806870276807176e-01,1.039313370964637875e+15,1.689697613000000000e+09
3.006176966464570999e-01,3.839614230781315000e+14,1.689697614000000000e+09
5.162597156456611575e-02,9.698554471682353750e+14,1.689697615000000000e+09
1.006515712088134951e+00,1.364251251085363250e+15,1.689697616000000000e+09
5.925881298000345021e-01,1.614744499531645000e+15,1.689697617000000000e+09
3.854974828260777642e-01,9.794309920457308750e+14,1.689697618000000000e+09
5.246030606668368179e-01,4.542069352586077500e+14,1.689697619000000000e+09
1.731141056104275322e-01,1.653503785979306000e+15,1.689697620000000000e+09
7.589362823849540307e-01,3.237861182257937500e+14,1.689697621000000000e+09
2.914698297357557477e-01,1.134124396165388500e+15,1.689697622000000000e+09
1.036618658022496087e+00,7.705293544203125000e+14,1.689697623000000000e+09
1.336846370368683645e-01,3.913823461820954375e+14,1.689697624000000000e+09
3.208849796229001350e-01,1.782480642316637750e+15,1.689697625000000000e+09
3.907470236559529853e-01,1.401925136870440500e+15,1.689697626000000000e+09
3.889799994480550582e-01,9.583472138460026250e+14,1.689697627000000000e+09
6.785483590631136153e-01,1.128401342122534250e+15,1.689697628000000000e+09
6.046944364935222249e-02,9.150717015258971250e+14,1.689697629000000000e+09
5.690450839167324748e-01,9.171205102725267500e+14,1.689697630000000000e+09
5.749972325274430585e-01,5.977591782252517500e+14,1.689697631000000000e+09
4.038553071153868634e-01,1.655187527091219250e+15,1.689697632000000000e+09
2.886085223179508108e-01,1.184436123252492000e+15,1.689697633000000000e+09
5.325658402413608883e-01,4.789528043316533125e+14,1.689697634000000000e+09
1.649311602582433922e-01,1.707614665285799750e+15,1.689697635000000000e+09
9.861939068789667973e-01,5.665535032497115000e+14,1.689697636000000000e+09
6.295630095957341910e-01,1.786480926751290000e+15,1.689697637000000000e+09
4.918891836368792236e-01,2.157515616612984375e+14,1.689697638000000000e+09
1.076735848552890618e+00,2.306183104390809375e+14,1.689697639000000000e+09
3.683684384970989933e-01,8.664315641797037500e+14,1.689697640000000000e+09
8.417275488773302561e-01,6.866783380975323750e+14,1.689697641000000000e+09
5.656611500248991398e-01,3.740308824167569375e+14,1.689697642000000000e+09
5.772886705838548016e-01,1.835008020231354000e+15,1.689697643000000000e+09
2.872170676553904567e-01,3.804797187428757500e+14,1.689697644000000000e+09
4.184794308147554154e-01,1.477419173538960750e+15,1.689697645000000000e+09
3.261318644359296193e-01,4.981878699971216875e+14,1.689697646000000000e+09
3.805748046375246885e-01,1.742235207134643750e+14,1.689697647000000000e+09
1.298645540785050845e-01,6.351675828942245000e+14,1.689697648000000000e+09
8.408759987264216584e-02,9.363041615378950000e+14,1.689697649000000000e+09
3.353346871963813203e-01,1.575984463487526875e+14,1.689697650000000000e+09
9.571399648344839362e-01,1.907817718916138000e+15,1.689697651000000000e+09
1.081143734696821124e+00,2.238619334316506562e+14,1.689697652000000000e+09
7.052043489615115179e-01,1.690842614795668500e+15,1.689697653000000000e+09
7.394613388566133594e-01,1.495552903413077500e+15,1.689697654000000000e+09
9.472937936814593840e-01,1.208427039335169500e+15,1.689697655000000000e+09
2.587675112551028334e-01,4.720056347844835000e+14,1.689697656000000000e+09
5.023816463121346665e-01,7.148268352200993750e+14,1.689697657000000000e+09
4.576636677706450995e-01,1.559797607251280500e+15,1.689697658000000000e+09
6.684922135253571485e-01,1.370464902642040750e+15,1.689697659000000000e+09
8.818860151138398218e-02,1.621846555465055250e+15,1.689697660000000000e+09
8.186490141123839992e-01,1.935523366668454750e+15,1.689697661000000000e+09
1.008527749964128972e+00,6.668648145556146250e+14,1.689697662000000000e+09
8.698144833527186037e-01,9.787236688432253750e+14,1.689697663000000000e+09
1.022124886842723512e+00,1.340651686080529000e+15,1.689697664000000000e+09
6.904083370856847202e-01,9.282742706214626250e+14,1.689697665000000000e+09
2.133431018184759609e-01,1.167479954172092500e+15,1.689697666000000000e+09
6.053661788907149788e-01,1.352013072536594000e+15,1.689697667000000000e+09
8.329713537800612633e-01,4.931909054653986250e+14,1.689697668000000000e+09
4.639438869706776214e-01,1.969825801094359750e+15,1.689697669000000000e+09
5.522011738773480172e-01,1.052207606083410250e+15,1.689697670000000000e+09
7.219569673987638603e-02,1.068775973481337625e+15,1.689697671000000000e+09
5.672073562477701891e-01,7.653237323796587500e+14,1.689697672000000000e+09
4.868051319642636154e-01,2.214584325958215000e+14,1.689697673000000000e+09
5.627260391761176317e-01,1.854249293342806500e+15,1.689697674000000000e+09
5.322934664997495124e-01,9.272415263321261250e+14,1.689697675000000000e+09
1.031137428575485265e-01,1.394036268801567750e+15,1.689697676000000000e+09
1.058881742807885162e+00,1.369607003645505250e+15,1.689697677000000000e+09
1.056390162617558914e+00,1.878805951110933000e+15,1.689697678000000000e+09
6.939635249482380974e-01,6.168746910507033750e+14,1.689697679000000000e+09
5.592512286128474841e-01,1.483074451122743500e+15,1.689697680000000000e+09
4.531261660544411707e-01,1.363529204425802750e+15,1.689697681000000000e+09
1.767872399505034456e-02,6.809535513190282500e+14,1.689697682000000000e+09
5.107968864622479677e-01,1.000671716382179250e+15,1.689697683000000000e+09
2.073805532073932367e-01,4.043108160349759375e+14,1.689697684000000000e+09
9.371626310402202398e-01,1.930193383379717750e+15,1.689697685000000000e+09
7.958365201990090787e-01,8.375566614000286250e+14,1.689697686000000000e+09
6.229299367722627156e-01,1.508855227291621000e+15,1.689697687000000000e+09
7.293099314327593508e-01,1.193571210459755750e+15,1.689697688000000000e+09
2.097212771883136539e-01,1.602933946455673125e+14,1.689697689000000000e+09
4.659756589489911782e-01,3.017116850654002500e+14,1.689697690000000000e+09
9.177218504080121297e-01,1.491213047334990312e+14,1.689697691000000000e+09
6.303037459704119438e-01,1.810995665744117000e+15,1.689697692000000000e+09
1.028803558330385615e+00,5.629091255979795000e+14,1.689697693000000000e+09
4.104976490312819970e-02,9.927342623839131250e+14,1.689697694000000000e+09
9.350154712055336326e-01,6.882023104351367500e+14,1.689697695000000000e+09
2.112714717278096621e-01,1.638929499518318750e+14,1.689697696000000000e+09
1.254973686795897991e-01,1.896180463254243750e+15,1.689697697000000000e+09
1.078670594129717664e+00,6.082116733840711250e+14,1.689697698000000000e+09
9.720785959275451971e-01,1.663653902009104250e+15,1.689697699000000000e+09
6.935414799423669230e-01,3.208459199687383750e+14,1.689697700000000000e+09
9.962064316946448450e-01,6.226440382562255000e+14,1.689697701000000000e+09
